{"filesMd5":[{"page":"/mediator/index.js","md5":"d8b42a69ad816193f5c2dfd6f41ad731"},{"page":"/pages/cart/cart.js","md5":"847f150503c1d6d43dcd4d368bf9b28d"},{"page":"/pages/home/home.js","md5":"60cb650c94baf264a09d9d97ab9cfe67"},{"page":"/pages/my/my.js","md5":"d7508ae7d6c63fc0dd3b95aff2f99a03"},{"page":"/pages/catelog/catelog.js","md5":"9b33249bd65889679b58fe8e5f764c70"},{"page":"/pages/index.js","md5":"436575465295d774a88cff4df36589b4"},{"page":"/pages/main.js","md5":"8bc9e4675453872cbb27519c4cbda83e"},{"page":"/config/index.js","md5":"3d3fde534d439c1fb50766376f53c23f"},{"page":"/pages/cart/checkout/checkout.js","md5":"191c87959a526d8b4537883336358f8b"},{"page":"/assets/demo.jpg","md5":"332c4e7d5398207c1b49750369a72848"},{"page":"/assets/iconfont/font_404010.ttf","md5":"dd272f9c2396fd9685113cd1326e688e"},{"page":"/assets/images/chat.png","md5":"90959f4376d606c546a202065880a11f"},{"page":"/assets/images/checkbox-f.png","md5":"663ab81032fe36082fb262b3b536c899"},{"page":"/assets/images/checkbox-t.png","md5":"ee34e8b8e09766399f5fd0af07fa0b29"},{"page":"/assets/images/feedback.png","md5":"de666e83b82206450fbb2bc053ffdf73"},{"page":"/assets/images/footprint.png","md5":"9da83f1521adf7dc5e8c9a2c650f55b1"},{"page":"/assets/images/goodcart.png","md5":"e47f8a23fc4217282593dffffb6c8881"},{"page":"/assets/images/ic_menu_choice_nor.png","md5":"2c16d409a35d91b8e46ac4d8cc489633"},{"page":"/assets/images/ic_menu_choice_pressed.png","md5":"08ba73d7ee87b5703ec5c7fc9cd0176b"},{"page":"/assets/images/ic_menu_me_nor.png","md5":"49b7046b3ccf38ba35fe254a72badef8"},{"page":"/assets/images/ic_menu_me_pressed.png","md5":"753de28b98e537237033aa9e9cfdf69b"},{"page":"/assets/images/ic_menu_shoping_nor.png","md5":"f2f3b95c6cd45fc738357669716b54fb"},{"page":"/assets/images/ic_menu_shoping_pressed.png","md5":"b1b9214c15bff30572125ff048d4afe3"},{"page":"/assets/images/ic_menu_sort_nor.png","md5":"773c8140c25fc22b4efd36dc6fe90043"},{"page":"/assets/images/ic_menu_sort_pressed.png","md5":"4a682ecc21653e16ebc752b700298dd0"},{"page":"/assets/images/ic_menu_topic_nor.png","md5":"9f75257842ca00e13f3a520685a65fad"},{"page":"/assets/images/icon-normal-search.png","md5":"80b9774444ce2c8fd863f03d2285d09a"},{"page":"/assets/images/icon_go_more.png","md5":"a7fa1adbdcbcaa0b970b44633d2c5ae7"},{"page":"/assets/images/like.png","md5":"9a27e6c277608e65de5e9d6631a67974"},{"page":"/assets/images/money.png","md5":"ee006d67c3028ba8588973fc8d67e56a"},{"page":"/assets/images/orderPrompt_t.png","md5":"13e219a59eb241491365c9b2f3d0a5d3"},{"page":"/assets/images/package.png","md5":"385b8df153555527e05afa1909d20bec"},{"page":"/assets/images/payTips.png","md5":"128acae03d2703319d8157a0f49a0545"},{"page":"/assets/images/placeholder.png","md5":"421453f0e9bef9a1814d315a05a6dbec"},{"page":"/assets/images/plant.png","md5":"40d9f00cec7ed7c294c12149954f772b"},{"page":"/assets/images/shipped.png","md5":"2fe4604c9c45b85073a00292603a81a7"},{"page":"/assets/images/smartphone.png","md5":"ac38f3421b8e148c06ac859b58ce2c37"},{"page":"/assets/images/telemarketer.png","md5":"5fe3ebc1d1189e4bbfc86d150b418da1"},{"page":"/assets/images/tickets.png","md5":"e37dc595e14019808ca7159f63a20d8f"},{"page":"/assets/images/wallet.png","md5":"6cd6560b5eccb7a408e4bc084b4e9cd9"}],"android":"1.0.0","iOS":"1.0.0","appName":"eros-test","jsVersion":"d4fb6ec181c36875adfeace706bfaa1e","timestamp":1540896040410,"jsPath":"https://app.weex-eros.com/source"}
