{"filesMd5":[{"page":"/mediator/index.js","md5":"492f2bc94cfe3058d9d720e16217cba0"},{"page":"/pages/cart/checkout/checkout.js","md5":"1f4e2539a6635c7fc2a3a8b4781f0779"},{"page":"/pages/my/my.js","md5":"12929b50a5a14a35009de55a6d065f3b"},{"page":"/pages/catelog/catelog.js","md5":"e1840f48a080a44c1c7cefb91d98fe59"},{"page":"/pages/home/home.js","md5":"053611c3582bc63a2ebc42429a27b01c"},{"page":"/pages/cart/cart.js","md5":"34ce8d39473e85e05ec15b384718fbe8"},{"page":"/config/index.js","md5":"5a94680a549a8db84a6c711397e5c859"},{"page":"/pages/home/channels/channels.js","md5":"d27d4c2386cc435386cfe19fb79f27f0"},{"page":"/pages/index.js","md5":"59bf6f97b324bf1fd2aad8aa9ba418aa"},{"page":"/pages/main.js","md5":"1862a5c0d4c026a168f088ea24135012"},{"page":"/assets/demo.jpg","md5":"ad0a76ef138304056020d234c3217aeb"},{"page":"/assets/iconfont/font_404010.ttf","md5":"dd272f9c2396fd9685113cd1326e688e"},{"page":"/assets/images/chat.png","md5":"90959f4376d606c546a202065880a11f"},{"page":"/assets/images/checkbox-f.png","md5":"663ab81032fe36082fb262b3b536c899"},{"page":"/assets/images/checkbox-t.png","md5":"ee34e8b8e09766399f5fd0af07fa0b29"},{"page":"/assets/images/feedback.png","md5":"346deaa46b1a33b31f086c0863d8d548"},{"page":"/assets/images/footprint.png","md5":"9da83f1521adf7dc5e8c9a2c650f55b1"},{"page":"/assets/images/goodcart.png","md5":"c42dfaf9db43fe02a4e813912a3e84b5"},{"page":"/assets/images/ic_menu_choice_nor.png","md5":"ca699a1936de2f682fe12284ede805a8"},{"page":"/assets/images/ic_menu_choice_pressed.png","md5":"a3ee704587334f97701e911d85902254"},{"page":"/assets/images/ic_menu_me_nor.png","md5":"49b7046b3ccf38ba35fe254a72badef8"},{"page":"/assets/images/ic_menu_me_pressed.png","md5":"52da20575216927df140f980e1be982a"},{"page":"/assets/images/ic_menu_shoping_nor.png","md5":"a502e2efa0922517f75c9395cedc2afd"},{"page":"/assets/images/ic_menu_shoping_pressed.png","md5":"e0f316a7aeacdc4ee9b245106997f41f"},{"page":"/assets/images/ic_menu_sort_nor.png","md5":"42e41f7e5503a9791f6a4fb572f168aa"},{"page":"/assets/images/ic_menu_sort_pressed.png","md5":"16a4e9e6e0578483f437533062f5d8de"},{"page":"/assets/images/ic_menu_topic_nor.png","md5":"e202b3b329762fb71485ab4abc185361"},{"page":"/assets/images/icon-normal-search.png","md5":"a9a4f5e34309680311cc354478c1d2f2"},{"page":"/assets/images/icon_go_more.png","md5":"21edd21cbe572f9dad54e7a2ba4ff311"},{"page":"/assets/images/like.png","md5":"c6de909785f93ab1bbe535f56558801a"},{"page":"/assets/images/money.png","md5":"387af1efeb04fc848e2c55d57bc41a4d"},{"page":"/assets/images/mybackground.jpg","md5":"454b8c0781d401c9e50bceffbd4a20a3"},{"page":"/assets/images/orderPrompt_t.png","md5":"0324f91140a4a0d9c8d302f8dbb35196"},{"page":"/assets/images/package.png","md5":"3f894ef03c91449193dfb6d5a21bdf10"},{"page":"/assets/images/payTips.png","md5":"8d0ea411c5c3c261dac84b6afc489fbd"},{"page":"/assets/images/placeholder.png","md5":"8f77b60ade34f4c2f3ace07f4274e2ae"},{"page":"/assets/images/plant.png","md5":"236e35e08a512e645b7f1139cc028cec"},{"page":"/assets/images/red-icon.png","md5":"e040c6b88112ab4c87e450b277c597f0"},{"page":"/assets/images/shipped.png","md5":"07f7cee98e649e4b704d9ace540ea943"},{"page":"/assets/images/smartphone.png","md5":"d245cd6d374e6e4b6787a11e06cabbc7"},{"page":"/assets/images/telemarketer.png","md5":"b665939956af2a382a97b3076b48e81b"},{"page":"/assets/images/tickets.png","md5":"9e906042a8929d361e6df007ab227f8e"},{"page":"/assets/images/wallet.png","md5":"6cd6560b5eccb7a408e4bc084b4e9cd9"}],"android":"1.0.0","iOS":"1.0.0","appName":"eros-test","jsVersion":"ced033204ed776428fbec0dc573d75d2","timestamp":1541246067883,"jsPath":"https://app.weex-eros.com/source"}
