{"filesMd5":[{"page":"/config/index.js","md5":"1bf3559575c36ca8f0c38b6c059b1734"},{"page":"/mediator/index.js","md5":"ade23ac3e53d2a5bfb440e0918eb6945"},{"page":"/pages/cart/cart.js","md5":"4eb9bcb4cb81d79d9a77cc0dd770e643"},{"page":"/pages/cart/checkout/checkout.js","md5":"4c3a32d25207cf401ddbeb0184ef15c5"},{"page":"/pages/catelog/catelog.js","md5":"655c26e574e38425dcf16e2515f2d662"},{"page":"/pages/home/channels/channels.js","md5":"8f280af2eb59b69a5a7c4dc3d7f5519b"},{"page":"/pages/home/brandDetail/brandDetail.js","md5":"5ff03c83b57808d55fc9e561560d0aef"},{"page":"/pages/home/goods/address.js","md5":"4bbc5b47a24ae19bf89ed926c5d420f7"},{"page":"/pages/home/goods/addressAdd.js","md5":"ce904be8a4acb49aee196b749fd2f612"},{"page":"/pages/home/goods/aMap.js","md5":"cb2e286da17b70809fcf08accdd6a0b4"},{"page":"/pages/home/goods/checkout.js","md5":"b772ec13606d6d7b9df04d44b07c6c6a"},{"page":"/pages/home/goods/comment.js","md5":"da3dde2d51dbfbb9d71893d482bf9286"},{"page":"/pages/home/goods/goods.js","md5":"acb577ec186c3fc7f22d29cd8964d42f"},{"page":"/pages/home/goods/goodsDetail.js","md5":"82a13456925230748a0c0b2a7698a3af"},{"page":"/pages/home/goods/useTicket.js","md5":"0c2f6401f6ddeccb0e6efe66816bca1e"},{"page":"/pages/home/home.js","md5":"f224bc83f9ebfa7e7ee015564b37b1bb"},{"page":"/pages/index.js","md5":"21c16c97728d892496e0a3887619d345"},{"page":"/pages/my/my.js","md5":"56b40e125552a30e3eb283e5f2ac4f06"},{"page":"/pages/main.js","md5":"11cf96bd655e94d9d41b0a18eef6c6f0"},{"page":"/iconfont/font-404010.ttf","md5":"dd272f9c2396fd9685113cd1326e688e"},{"page":"/iconfont/iconfont.css","md5":"9558ebdfa14f5df22aaafe3016bfaab3"},{"page":"/iconfont/iconfont.eot","md5":"bf637851bb71e48986f6a9ffed6e9d40"},{"page":"/iconfont/iconfont.svg","md5":"b5d8ead29c51b609ff1db2843dfd8b25"},{"page":"/iconfont/iconfont.ttf","md5":"d85548f6498bf369998df45957cd6929"},{"page":"/iconfont/iconfont.woff","md5":"93650f46821daec527bd4f5815e2b278"},{"page":"/assets/demo.jpg","md5":"332c4e7d5398207c1b49750369a72848"},{"page":"/assets/images/chat.png","md5":"90959f4376d606c546a202065880a11f"},{"page":"/assets/images/checkbox-f.png","md5":"663ab81032fe36082fb262b3b536c899"},{"page":"/assets/images/checkbox-t.png","md5":"ee34e8b8e09766399f5fd0af07fa0b29"},{"page":"/assets/images/feedback.png","md5":"de666e83b82206450fbb2bc053ffdf73"},{"page":"/assets/images/footprint.png","md5":"9da83f1521adf7dc5e8c9a2c650f55b1"},{"page":"/assets/images/goodcart.png","md5":"e47f8a23fc4217282593dffffb6c8881"},{"page":"/assets/images/ic_menu_choice_nor.png","md5":"2c16d409a35d91b8e46ac4d8cc489633"},{"page":"/assets/images/ic_menu_choice_pressed.png","md5":"08ba73d7ee87b5703ec5c7fc9cd0176b"},{"page":"/assets/images/ic_menu_me_nor.png","md5":"49b7046b3ccf38ba35fe254a72badef8"},{"page":"/assets/images/ic_menu_me_pressed.png","md5":"753de28b98e537237033aa9e9cfdf69b"},{"page":"/assets/images/ic_menu_shoping_nor.png","md5":"f2f3b95c6cd45fc738357669716b54fb"},{"page":"/assets/images/ic_menu_shoping_pressed.png","md5":"b1b9214c15bff30572125ff048d4afe3"},{"page":"/assets/images/ic_menu_sort_nor.png","md5":"773c8140c25fc22b4efd36dc6fe90043"},{"page":"/assets/images/ic_menu_sort_pressed.png","md5":"4a682ecc21653e16ebc752b700298dd0"},{"page":"/assets/images/ic_menu_topic_nor.png","md5":"9f75257842ca00e13f3a520685a65fad"},{"page":"/assets/images/icon-normal-search.png","md5":"80b9774444ce2c8fd863f03d2285d09a"},{"page":"/assets/images/icon_collect.png","md5":"9f983de64f42eb7446541b280ac32153"},{"page":"/assets/images/icon_collect_e.png","md5":"503abc9d643907db44471b2bebfe41a2"},{"page":"/assets/images/icon_go_more.png","md5":"a7fa1adbdcbcaa0b970b44633d2c5ae7"},{"page":"/assets/images/like.png","md5":"9a27e6c277608e65de5e9d6631a67974"},{"page":"/assets/images/loseFind.png","md5":"284f526b223e5870388ab4d0f658558c"},{"page":"/assets/images/money.png","md5":"ee006d67c3028ba8588973fc8d67e56a"},{"page":"/assets/images/mybackground.jpg","md5":"cdc7c6ff010fd2be5707d8fda363ae35"},{"page":"/assets/images/orderPrompt_t.png","md5":"13e219a59eb241491365c9b2f3d0a5d3"},{"page":"/assets/images/package.png","md5":"385b8df153555527e05afa1909d20bec"},{"page":"/assets/images/payTips.png","md5":"128acae03d2703319d8157a0f49a0545"},{"page":"/assets/images/placeholder.png","md5":"421453f0e9bef9a1814d315a05a6dbec"},{"page":"/assets/images/plant.png","md5":"40d9f00cec7ed7c294c12149954f772b"},{"page":"/assets/images/red-icon.png","md5":"e040c6b88112ab4c87e450b277c597f0"},{"page":"/assets/images/shipped.png","md5":"2fe4604c9c45b85073a00292603a81a7"},{"page":"/assets/images/smartphone.png","md5":"ac38f3421b8e148c06ac859b58ce2c37"},{"page":"/assets/images/telemarketer.png","md5":"5fe3ebc1d1189e4bbfc86d150b418da1"},{"page":"/assets/images/tickets.png","md5":"e37dc595e14019808ca7159f63a20d8f"},{"page":"/assets/images/wallet.png","md5":"6cd6560b5eccb7a408e4bc084b4e9cd9"}],"android":"1.0.0","iOS":"1.0.0","appName":"eros-test","jsVersion":"7ad47cf1cf271c750286db4af160ece6","timestamp":1543421785566,"jsPath":"https://app.weex-eros.com/source"}
