{"filesMd5":[{"page":"/config/index.js","md5":"a09115e856003da9452e8fbcfa16e152"},{"page":"/pages/cart/cart.js","md5":"c5480f13e0fedb4888abef1e029c5dd1"},{"page":"/mediator/index.js","md5":"395602ecc8abf8b5be85ff9b142b17e9"},{"page":"/pages/cart/checkout/checkout.js","md5":"5bf8b45f8db67d92fe5dc3eccd6dabb3"},{"page":"/pages/catelog/catelog.js","md5":"80c205a7c73590f9b48a8d85633bb820"},{"page":"/pages/home/brandDetail/brandDetail.js","md5":"ae382c8606bc25030933adb20793e68f"},{"page":"/pages/home/channels/channels.js","md5":"9a1cfc2f5a5787e4f77a3d33109cb339"},{"page":"/pages/home/goods/goods.js","md5":"8ec9ad10302ca1a48694c650d39717c9"},{"page":"/pages/home/goods/goodsDetail.js","md5":"013311c332c54a628418b7e65e9dbaaa"},{"page":"/pages/home/home.js","md5":"86085c33ce0e368e609de4b6a7ca62e2"},{"page":"/pages/index.js","md5":"f1932251e85176a5a6e9ab5a2ba81ff0"},{"page":"/pages/my/my.js","md5":"1995a6d891ea45d18d1cf6342f66a2c1"},{"page":"/pages/main.js","md5":"23ed89a303d672493e17b75fb872b7f4"},{"page":"/iconfont/font-404010.ttf","md5":"dd272f9c2396fd9685113cd1326e688e"},{"page":"/iconfont/iconfont.css","md5":"cce1e0af1d2a1cc503f6276f028ea1e4"},{"page":"/iconfont/iconfont.eot","md5":"bf637851bb71e48986f6a9ffed6e9d40"},{"page":"/iconfont/iconfont.svg","md5":"ca0afeaeb6a33bd7ab2fcc495249f261"},{"page":"/iconfont/iconfont.ttf","md5":"d85548f6498bf369998df45957cd6929"},{"page":"/iconfont/iconfont.woff","md5":"93650f46821daec527bd4f5815e2b278"},{"page":"/assets/demo.jpg","md5":"332c4e7d5398207c1b49750369a72848"},{"page":"/assets/images/chat.png","md5":"90959f4376d606c546a202065880a11f"},{"page":"/assets/images/checkbox-f.png","md5":"663ab81032fe36082fb262b3b536c899"},{"page":"/assets/images/checkbox-t.png","md5":"ee34e8b8e09766399f5fd0af07fa0b29"},{"page":"/assets/images/feedback.png","md5":"de666e83b82206450fbb2bc053ffdf73"},{"page":"/assets/images/footprint.png","md5":"9da83f1521adf7dc5e8c9a2c650f55b1"},{"page":"/assets/images/goodcart.png","md5":"e47f8a23fc4217282593dffffb6c8881"},{"page":"/assets/images/ic_menu_choice_nor.png","md5":"2c16d409a35d91b8e46ac4d8cc489633"},{"page":"/assets/images/ic_menu_choice_pressed.png","md5":"08ba73d7ee87b5703ec5c7fc9cd0176b"},{"page":"/assets/images/ic_menu_me_nor.png","md5":"49b7046b3ccf38ba35fe254a72badef8"},{"page":"/assets/images/ic_menu_me_pressed.png","md5":"753de28b98e537237033aa9e9cfdf69b"},{"page":"/assets/images/ic_menu_shoping_nor.png","md5":"f2f3b95c6cd45fc738357669716b54fb"},{"page":"/assets/images/ic_menu_shoping_pressed.png","md5":"b1b9214c15bff30572125ff048d4afe3"},{"page":"/assets/images/ic_menu_sort_nor.png","md5":"773c8140c25fc22b4efd36dc6fe90043"},{"page":"/assets/images/ic_menu_sort_pressed.png","md5":"4a682ecc21653e16ebc752b700298dd0"},{"page":"/assets/images/ic_menu_topic_nor.png","md5":"9f75257842ca00e13f3a520685a65fad"},{"page":"/assets/images/icon-normal-search.png","md5":"80b9774444ce2c8fd863f03d2285d09a"},{"page":"/assets/images/icon_collect.png","md5":"9f983de64f42eb7446541b280ac32153"},{"page":"/assets/images/icon_go_more.png","md5":"a7fa1adbdcbcaa0b970b44633d2c5ae7"},{"page":"/assets/images/like.png","md5":"9a27e6c277608e65de5e9d6631a67974"},{"page":"/assets/images/loseFind.png","md5":"284f526b223e5870388ab4d0f658558c"},{"page":"/assets/images/money.png","md5":"ee006d67c3028ba8588973fc8d67e56a"},{"page":"/assets/images/mybackground.jpg","md5":"cdc7c6ff010fd2be5707d8fda363ae35"},{"page":"/assets/images/orderPrompt_t.png","md5":"13e219a59eb241491365c9b2f3d0a5d3"},{"page":"/assets/images/package.png","md5":"385b8df153555527e05afa1909d20bec"},{"page":"/assets/images/payTips.png","md5":"128acae03d2703319d8157a0f49a0545"},{"page":"/assets/images/placeholder.png","md5":"421453f0e9bef9a1814d315a05a6dbec"},{"page":"/assets/images/plant.png","md5":"40d9f00cec7ed7c294c12149954f772b"},{"page":"/assets/images/red-icon.png","md5":"e040c6b88112ab4c87e450b277c597f0"},{"page":"/assets/images/shipped.png","md5":"2fe4604c9c45b85073a00292603a81a7"},{"page":"/assets/images/smartphone.png","md5":"ac38f3421b8e148c06ac859b58ce2c37"},{"page":"/assets/images/telemarketer.png","md5":"5fe3ebc1d1189e4bbfc86d150b418da1"},{"page":"/assets/images/tickets.png","md5":"e37dc595e14019808ca7159f63a20d8f"},{"page":"/assets/images/wallet.png","md5":"6cd6560b5eccb7a408e4bc084b4e9cd9"}],"android":"1.0.0","iOS":"1.0.0","appName":"eros-test","jsVersion":"84a10ce3b2ff926e67921d4e5346ea6b","timestamp":1542161016624,"jsPath":"https://app.weex-eros.com/source"}
