{"filesMd5":[{"page":"/config/index.js","md5":"9d4edd9d4631c6755ed9f128ba9d6b14"},{"page":"/mediator/index.js","md5":"3381e18fb28ea88cc4d049f47ed00569"},{"page":"/pages/app.js","md5":"fabc95446f8b02d1024410e6fca74e9d"},{"page":"/pages/cart/cart.js","md5":"422234f17c752153a6aa881b2f33be92"},{"page":"/pages/cart/checkout/checkout.js","md5":"8b517100202bbab06726dc4bbf2619a6"},{"page":"/pages/catelog/catelog.js","md5":"e73d09074627de83276a0b5e56c86482"},{"page":"/pages/home/brandDetail/brandDetail.js","md5":"0579011b8d45970557c34c4eeacdabbc"},{"page":"/pages/home/channels/channels.js","md5":"daaf95a531c47f829dfb7c0da38931b9"},{"page":"/pages/home/goods/goods.js","md5":"4481ca6f006ad9846d32774a8fe1709b"},{"page":"/pages/home/goods/goodsDetail.js","md5":"ed04916f7b1098612b43555551d2d8a0"},{"page":"/pages/home/home.js","md5":"d1f6355ded7ea269197a0684edd55371"},{"page":"/pages/index.js","md5":"b88992dfb7ef706158c6d0f3ab93f5df"},{"page":"/pages/my/my.js","md5":"aae0676499e07d21c8e5a1024190777d"},{"page":"/pages/main.js","md5":"c6fefa7d04d82266130f8f07f4a44926"},{"page":"/iconfont/font-404010.ttf","md5":"dd272f9c2396fd9685113cd1326e688e"},{"page":"/iconfont/iconfont.css","md5":"cce1e0af1d2a1cc503f6276f028ea1e4"},{"page":"/iconfont/iconfont.eot","md5":"bf637851bb71e48986f6a9ffed6e9d40"},{"page":"/iconfont/iconfont.svg","md5":"ca0afeaeb6a33bd7ab2fcc495249f261"},{"page":"/iconfont/iconfont.ttf","md5":"d85548f6498bf369998df45957cd6929"},{"page":"/iconfont/iconfont.woff","md5":"93650f46821daec527bd4f5815e2b278"},{"page":"/assets/demo.jpg","md5":"332c4e7d5398207c1b49750369a72848"},{"page":"/assets/images/chat.png","md5":"90959f4376d606c546a202065880a11f"},{"page":"/assets/images/checkbox-f.png","md5":"663ab81032fe36082fb262b3b536c899"},{"page":"/assets/images/checkbox-t.png","md5":"ee34e8b8e09766399f5fd0af07fa0b29"},{"page":"/assets/images/feedback.png","md5":"de666e83b82206450fbb2bc053ffdf73"},{"page":"/assets/images/footprint.png","md5":"9da83f1521adf7dc5e8c9a2c650f55b1"},{"page":"/assets/images/goodcart.png","md5":"e47f8a23fc4217282593dffffb6c8881"},{"page":"/assets/images/ic_menu_choice_nor.png","md5":"2c16d409a35d91b8e46ac4d8cc489633"},{"page":"/assets/images/ic_menu_choice_pressed.png","md5":"08ba73d7ee87b5703ec5c7fc9cd0176b"},{"page":"/assets/images/ic_menu_me_nor.png","md5":"49b7046b3ccf38ba35fe254a72badef8"},{"page":"/assets/images/ic_menu_me_pressed.png","md5":"753de28b98e537237033aa9e9cfdf69b"},{"page":"/assets/images/ic_menu_shoping_nor.png","md5":"f2f3b95c6cd45fc738357669716b54fb"},{"page":"/assets/images/ic_menu_shoping_pressed.png","md5":"b1b9214c15bff30572125ff048d4afe3"},{"page":"/assets/images/ic_menu_sort_nor.png","md5":"773c8140c25fc22b4efd36dc6fe90043"},{"page":"/assets/images/ic_menu_sort_pressed.png","md5":"4a682ecc21653e16ebc752b700298dd0"},{"page":"/assets/images/ic_menu_topic_nor.png","md5":"9f75257842ca00e13f3a520685a65fad"},{"page":"/assets/images/icon-normal-search.png","md5":"80b9774444ce2c8fd863f03d2285d09a"},{"page":"/assets/images/icon_collect.png","md5":"9f983de64f42eb7446541b280ac32153"},{"page":"/assets/images/icon_go_more.png","md5":"a7fa1adbdcbcaa0b970b44633d2c5ae7"},{"page":"/assets/images/like.png","md5":"9a27e6c277608e65de5e9d6631a67974"},{"page":"/assets/images/loseFind.png","md5":"284f526b223e5870388ab4d0f658558c"},{"page":"/assets/images/money.png","md5":"ee006d67c3028ba8588973fc8d67e56a"},{"page":"/assets/images/mybackground.jpg","md5":"cdc7c6ff010fd2be5707d8fda363ae35"},{"page":"/assets/images/orderPrompt_t.png","md5":"13e219a59eb241491365c9b2f3d0a5d3"},{"page":"/assets/images/package.png","md5":"385b8df153555527e05afa1909d20bec"},{"page":"/assets/images/payTips.png","md5":"128acae03d2703319d8157a0f49a0545"},{"page":"/assets/images/placeholder.png","md5":"421453f0e9bef9a1814d315a05a6dbec"},{"page":"/assets/images/plant.png","md5":"40d9f00cec7ed7c294c12149954f772b"},{"page":"/assets/images/red-icon.png","md5":"e040c6b88112ab4c87e450b277c597f0"},{"page":"/assets/images/shipped.png","md5":"2fe4604c9c45b85073a00292603a81a7"},{"page":"/assets/images/smartphone.png","md5":"ac38f3421b8e148c06ac859b58ce2c37"},{"page":"/assets/images/telemarketer.png","md5":"5fe3ebc1d1189e4bbfc86d150b418da1"},{"page":"/assets/images/tickets.png","md5":"e37dc595e14019808ca7159f63a20d8f"},{"page":"/assets/images/wallet.png","md5":"6cd6560b5eccb7a408e4bc084b4e9cd9"}],"android":"1.0.0","iOS":"1.0.0","appName":"eros-test","jsVersion":"d9e8eb62b7b4f48950582d3c1ceea993","timestamp":1542013092984,"jsPath":"https://app.weex-eros.com/source"}
