{"filesMd5":[{"page":"/mediator/index.js","md5":"a77010ecade7d1fb069d9f483600589e"},{"page":"/pages/catelog/catelog.js","md5":"22516672644bf96fce6d938e68157ac3"},{"page":"/config/index.js","md5":"a3fd3e428aa5314c298bcd4beff5c26d"},{"page":"/pages/index.js","md5":"4660f2543bc2095cb682e25f2c007388"},{"page":"/pages/my/my.js","md5":"3081120427173440ea692cd461c531b4"},{"page":"/pages/main.js","md5":"c7c018302bb53b07ec32f525543a9e59"},{"page":"/pages/home/home.js","md5":"f17e9167c8f7ea29c2fc2bd358af44ce"},{"page":"/pages/cart/cart.js","md5":"4ffa1790fd40a48cd2991775150178c4"},{"page":"/assets/demo.jpg","md5":"332c4e7d5398207c1b49750369a72848"},{"page":"/assets/iconfont/font_404010.ttf","md5":"dd272f9c2396fd9685113cd1326e688e"},{"page":"/assets/images/feedback.png","md5":"de666e83b82206450fbb2bc053ffdf73"},{"page":"/assets/images/footprint.png","md5":"9da83f1521adf7dc5e8c9a2c650f55b1"},{"page":"/assets/images/ic_menu_choice_nor.png","md5":"2c16d409a35d91b8e46ac4d8cc489633"},{"page":"/assets/images/ic_menu_choice_pressed.png","md5":"08ba73d7ee87b5703ec5c7fc9cd0176b"},{"page":"/assets/images/ic_menu_me_nor.png","md5":"49b7046b3ccf38ba35fe254a72badef8"},{"page":"/assets/images/ic_menu_me_pressed.png","md5":"753de28b98e537237033aa9e9cfdf69b"},{"page":"/assets/images/ic_menu_shoping_nor.png","md5":"f2f3b95c6cd45fc738357669716b54fb"},{"page":"/assets/images/ic_menu_shoping_pressed.png","md5":"b1b9214c15bff30572125ff048d4afe3"},{"page":"/assets/images/ic_menu_sort_nor.png","md5":"773c8140c25fc22b4efd36dc6fe90043"},{"page":"/assets/images/ic_menu_sort_pressed.png","md5":"4a682ecc21653e16ebc752b700298dd0"},{"page":"/assets/images/icon-normal-search.png","md5":"80b9774444ce2c8fd863f03d2285d09a"},{"page":"/assets/images/icon_go_more.png","md5":"a7fa1adbdcbcaa0b970b44633d2c5ae7"},{"page":"/assets/images/like.png","md5":"9a27e6c277608e65de5e9d6631a67974"},{"page":"/assets/images/money.png","md5":"ee006d67c3028ba8588973fc8d67e56a"},{"page":"/assets/images/orderPrompt_t.png","md5":"13e219a59eb241491365c9b2f3d0a5d3"},{"page":"/assets/images/payTips.png","md5":"128acae03d2703319d8157a0f49a0545"},{"page":"/assets/images/placeholder.png","md5":"421453f0e9bef9a1814d315a05a6dbec"},{"page":"/assets/images/plant.png","md5":"40d9f00cec7ed7c294c12149954f772b"},{"page":"/assets/images/smartphone.png","md5":"ac38f3421b8e148c06ac859b58ce2c37"},{"page":"/assets/images/telemarketer.png","md5":"5fe3ebc1d1189e4bbfc86d150b418da1"},{"page":"/assets/images/tickets.png","md5":"e37dc595e14019808ca7159f63a20d8f"}],"android":"1.0.0","iOS":"1.0.0","appName":"eros-test","jsVersion":"bf3626afbed810ea6b0825a4c5c7932a","timestamp":1540526565735,"jsPath":"https://app.weex-eros.com/source"}
